{
  "id": "1846837",
  "name": "bytoken国内版",
  "font_family": "font_family",
  "css_prefix_text": "icon-",
  "description": "",
  "glyphs": [
    {
      "icon_id": "38147404",
      "name": "timer",
      "font_class": "timer",
      "unicode": "e68d",
      "unicode_decimal": 59021
    },
    {
      "icon_id": "38147405",
      "name": "address",
      "font_class": "address",
      "unicode": "e68e",
      "unicode_decimal": 59022
    },
    {
      "icon_id": "34556188",
      "name": "visible",
      "font_class": "visible",
      "unicode": "e641",
      "unicode_decimal": 58945
    },
    {
      "icon_id": "34556189",
      "name": "right",
      "font_class": "right",
      "unicode": "e642",
      "unicode_decimal": 58946
    },
    {
      "icon_id": "34556190",
      "name": "unvisible",
      "font_class": "unvisible",
      "unicode": "e643",
      "unicode_decimal": 58947
    },
    {
      "icon_id": "34556191",
      "name": "wrong",
      "font_class": "wrong",
      "unicode": "e644",
      "unicode_decimal": 58948
    },
    {
      "icon_id": "37906353",
      "name": "picture",
      "font_class": "picture",
      "unicode": "e68b",
      "unicode_decimal": 59019
    },
    {
      "icon_id": "36403387",
      "name": "warning",
      "font_class": "warning",
      "unicode": "e66f",
      "unicode_decimal": 58991
    },
    {
      "icon_id": "37900685",
      "name": "close",
      "font_class": "close",
      "unicode": "e68a",
      "unicode_decimal": 59018
    },
    {
      "icon_id": "37900686",
      "name": "download",
      "font_class": "download",
      "unicode": "e689",
      "unicode_decimal": 59017
    }
  ]
}
